INSERT INTO `codebarcakephp`.`people` 
    (`id`, `sciper`, `first_name`, `last_name`, `email`, `phone_number`, `is_technician`, `is_banned`, `language_id`) 
    VALUES 
    (1, 1, 'Poseidon', 'Helpdesk', 'support.poseidon@epfl.ch', '021 693 22 62', 1, '', 1);

INSERT INTO `codebarcakephp`.`brands` (`id`, `name`, `link_to_warranty_check`) VALUES ('1', 'Dell', 'www.dell.ch/support');
INSERT INTO `codebarcakephp`.`brands` (`id`, `name`, `link_to_warranty_check`) VALUES ('2', 'Lenovo', 'www.lenovo.com/checkwarranty');
INSERT INTO `codebarcakephp`.`brands` (`id`, `name`, `link_to_warranty_check`) VALUES ('3', 'Apple', 'www.apple.ch/support');
INSERT INTO `codebarcakephp`.`brands` (`id`, `name`, `link_to_warranty_check`) VALUES ('4', 'HP', 'www.hp.ch');
INSERT INTO `codebarcakephp`.`brands` (`id`, `name`, `link_to_warranty_check`) VALUES ('5', 'Western Digital', 'www.wd.ch');
INSERT INTO `codebarcakephp`.`brands` (`id`, `name`, `link_to_warranty_check`) VALUES ('6', 'LiteOn', 'www.LiteOn.ch');
INSERT INTO `codebarcakephp`.`brands` (`id`, `name`, `link_to_warranty_check`) VALUES ('7', 'Samsung', 'www.samsung.ch');
INSERT INTO `codebarcakephp`.`brands` (`id`, `name`, `link_to_warranty_check`) VALUES ('8', 'Logitech', 'www.logitech.ch');
INSERT INTO `codebarcakephp`.`brands` (`id`, `name`, `link_to_warranty_check`) VALUES ('9', 'Asus', 'www.asus.ch');
INSERT INTO `codebarcakephp`.`brands` (`id`, `name`, `link_to_warranty_check`) VALUES ('10', 'Acer', 'www.acer.ch');
INSERT INTO `codebarcakephp`.`brands` (`id`, `name`, `link_to_warranty_check`) VALUES ('11', 'Toshiba', 'www.toshiba.ch');
INSERT INTO `codebarcakephp`.`brands` (`id`, `name`, `link_to_warranty_check`) VALUES ('12', 'Fujitsu Siemens', 'www.fs.ch');
INSERT INTO `codebarcakephp`.`brands` (`id`, `name`, `link_to_warranty_check`) VALUES ('13', 'Medion', 'www.medion.ch');
INSERT INTO `codebarcakephp`.`brands` (`id`, `name`, `link_to_warranty_check`) VALUES ('14', 'AlienWare', 'www.aw.ch');
INSERT INTO `codebarcakephp`.`brands` (`id`, `name`, `link_to_warranty_check`) VALUES ('15', 'Inconnu', '');

INSERT INTO `codebarcakephp`.`device_categories` (`id`, `name`) VALUES ('1', 'laptop');
INSERT INTO `codebarcakephp`.`device_categories` (`id`, `name`) VALUES ('2', 'batterie');
INSERT INTO `codebarcakephp`.`device_categories` (`id`, `name`) VALUES ('3', 'hdd');
INSERT INTO `codebarcakephp`.`device_categories` (`id`, `name`) VALUES ('4', 'sdd');
INSERT INTO `codebarcakephp`.`device_categories` (`id`, `name`) VALUES ('5', 'chargeur');
INSERT INTO `codebarcakephp`.`device_categories` (`id`, `name`) VALUES ('6', 'graveur DVD');
INSERT INTO `codebarcakephp`.`device_categories` (`id`, `name`) VALUES ('7', 'souris');
INSERT INTO `codebarcakephp`.`device_categories` (`id`, `name`) VALUES ('8', 'câble réseau');
INSERT INTO `codebarcakephp`.`device_categories` (`id`, `name`) VALUES ('9', 'carte réseau');
INSERT INTO `codebarcakephp`.`device_categories` (`id`, `name`) VALUES ('10', 'télécommande');
INSERT INTO `codebarcakephp`.`device_categories` (`id`, `name`) VALUES ('11', 'clé usb');
INSERT INTO `codebarcakephp`.`device_categories` (`id`, `name`) VALUES ('12', 'saccoche');
INSERT INTO `codebarcakephp`.`device_categories` (`id`, `name`) VALUES ('13', 'floppy');
INSERT INTO `codebarcakephp`.`device_categories` (`id`, `name`) VALUES ('14', 'dock station');
INSERT INTO `codebarcakephp`.`device_categories` (`id`, `name`) VALUES ('15', 'beamer');
INSERT INTO `codebarcakephp`.`device_categories` (`id`, `name`) VALUES ('16', 'adaptateur');

INSERT INTO `codebarcakephp`.`device_types` (`name`, `is_active`, `brand_id`, `device_category_id`) VALUES ('65W', 1, 1, 5);
INSERT INTO `codebarcakephp`.`device_types` (`name`, `is_active`, `brand_id`, `device_category_id`) VALUES ('90W', 1, 1, 5);
INSERT INTO `codebarcakephp`.`device_types` (`name`, `is_active`, `brand_id`, `device_category_id`) VALUES ('130W', 1, 1, 5);
INSERT INTO `codebarcakephp`.`device_types` (`name`, `is_active`, `brand_id`, `device_category_id`) VALUES ('65W', 1, 2, 5);
INSERT INTO `codebarcakephp`.`device_types` (`name`, `is_active`, `brand_id`, `device_category_id`) VALUES ('72W', 1, 2, 5);
INSERT INTO `codebarcakephp`.`device_types` (`name`, `is_active`, `brand_id`, `device_category_id`) VALUES ('90W', 1, 2, 5);
INSERT INTO `codebarcakephp`.`device_types` (`name`, `is_active`, `brand_id`, `device_category_id`) VALUES ('135W', 1, 2, 5);
INSERT INTO `codebarcakephp`.`device_types` (`name`, `is_active`, `brand_id`, `device_category_id`) VALUES ('170W', 1, 2, 5);
INSERT INTO `codebarcakephp`.`device_types` (`name`, `is_active`, `brand_id`, `device_category_id`) VALUES ('45W', 1, 3, 5);
INSERT INTO `codebarcakephp`.`device_types` (`name`, `is_active`, `brand_id`, `device_category_id`) VALUES ('60W', 1, 3, 5);
INSERT INTO `codebarcakephp`.`device_types` (`name`, `is_active`, `brand_id`, `device_category_id`) VALUES ('65W', 1, 3, 5);
INSERT INTO `codebarcakephp`.`device_types` (`name`, `is_active`, `brand_id`, `device_category_id`) VALUES ('85W', 1, 3, 5);
INSERT INTO `codebarcakephp`.`device_types` (`name`, `is_active`, `brand_id`, `device_category_id`) VALUES ('65W', 1, 4, 5);
INSERT INTO `codebarcakephp`.`device_types` (`name`, `is_active`, `brand_id`, `device_category_id`) VALUES ('90W', 1, 4, 5);
INSERT INTO `codebarcakephp`.`device_types` (`name`, `is_active`, `brand_id`, `device_category_id`) VALUES ('120W', 1, 4, 5);
INSERT INTO `codebarcakephp`.`device_types` (`name`, `is_active`, `brand_id`, `device_category_id`) VALUES ('180W', 1, 4, 5);
INSERT INTO `codebarcakephp`.`device_types` (`name`, `is_active`, `brand_id`, `device_category_id`) VALUES ('230W', 1, 4, 5);
INSERT INTO `codebarcakephp`.`device_types` (`name`, `is_active`, `brand_id`, `device_category_id`) VALUES ('100Mo gris', 1, 15, 8);
INSERT INTO `codebarcakephp`.`device_types` (`name`, `is_active`, `brand_id`, `device_category_id`) VALUES ('802.11 A/G', 1, 15, 9);
INSERT INTO `codebarcakephp`.`device_types` (`name`, `is_active`, `brand_id`, `device_category_id`) VALUES ('laser, à fil, blanche', 1, 8, 7);
INSERT INTO `codebarcakephp`.`device_types` (`name`, `is_active`, `brand_id`, `device_category_id`) VALUES ('DVD/CD du D810', 1, 1, 6);
INSERT INTO `codebarcakephp`.`device_types` (`name`, `is_active`, `brand_id`, `device_category_id`) VALUES ('DVD/CD externe', 1, 1, 6);
INSERT INTO `codebarcakephp`.`device_types` (`name`, `is_active`, `brand_id`, `device_category_id`) VALUES ('télécommande', 1, 3, 10);
INSERT INTO `codebarcakephp`.`device_types` (`name`, `is_active`, `brand_id`, `device_category_id`) VALUES ('floppy usb ext.', 1, 15, 13);
INSERT INTO `codebarcakephp`.`device_types` (`name`, `is_active`, `brand_id`, `device_category_id`) VALUES ('miniDP vers DVI', 1, 2, 16);
INSERT INTO `codebarcakephp`.`device_types` (`name`, `is_active`, `brand_id`, `device_category_id`) VALUES ('VGA vers DVI', 1, 3, 16);
INSERT INTO `codebarcakephp`.`device_types` (`name`, `is_active`, `brand_id`, `device_category_id`) VALUES ('miniVGA vers VGA', 1, 3, 16);
INSERT INTO `codebarcakephp`.`device_types` (`name`, `is_active`, `brand_id`, `device_category_id`) VALUES ('DP vers DVI', 1, 1, 16);
INSERT INTO `codebarcakephp`.`device_types` (`name`, `is_active`, `brand_id`, `device_category_id`) VALUES ('DP vers HDMI', 1, 1, 16);

UPDATE `codebarcakephp`.`device_types` SET `brand_id`=1, `device_category_id`=1 WHERE `id`='1';
UPDATE `codebarcakephp`.`device_types` SET `brand_id`=1, `device_category_id`=1 WHERE `id`='2';
UPDATE `codebarcakephp`.`device_types` SET `brand_id`=1, `device_category_id`=1 WHERE `id`='3';
UPDATE `codebarcakephp`.`device_types` SET `brand_id`=1, `device_category_id`=1 WHERE `id`='4';
UPDATE `codebarcakephp`.`device_types` SET `brand_id`=1, `device_category_id`=1 WHERE `id`='5';
UPDATE `codebarcakephp`.`device_types` SET `brand_id`=1, `device_category_id`=1 WHERE `id`='6';
UPDATE `codebarcakephp`.`device_types` SET `brand_id`=1, `device_category_id`=1 WHERE `id`='7';
UPDATE `codebarcakephp`.`device_types` SET `brand_id`=1, `device_category_id`=1 WHERE `id`='8';
UPDATE `codebarcakephp`.`device_types` SET `brand_id`=1, `device_category_id`=1 WHERE `id`='9';
UPDATE `codebarcakephp`.`device_types` SET `brand_id`=1, `device_category_id`=1 WHERE `id`='10';
UPDATE `codebarcakephp`.`device_types` SET `brand_id`=3, `device_category_id`=1 WHERE `id`='11';
UPDATE `codebarcakephp`.`device_types` SET `brand_id`=3, `device_category_id`=1 WHERE `id`='12';
UPDATE `codebarcakephp`.`device_types` SET `brand_id`=3, `device_category_id`=1 WHERE `id`='13';
UPDATE `codebarcakephp`.`device_types` SET `brand_id`=3, `device_category_id`=1 WHERE `id`='14';
UPDATE `codebarcakephp`.`device_types` SET `brand_id`=3, `device_category_id`=1 WHERE `id`='15';
UPDATE `codebarcakephp`.`device_types` SET `brand_id`=3, `device_category_id`=1 WHERE `id`='16';
UPDATE `codebarcakephp`.`device_types` SET `brand_id`=3, `device_category_id`=1 WHERE `id`='17';
UPDATE `codebarcakephp`.`device_types` SET `brand_id`=2, `device_category_id`=1 WHERE `id`='18';
UPDATE `codebarcakephp`.`device_types` SET `brand_id`=2, `device_category_id`=1 WHERE `id`='19';
UPDATE `codebarcakephp`.`device_types` SET `brand_id`=2, `device_category_id`=1 WHERE `id`='20';
UPDATE `codebarcakephp`.`device_types` SET `brand_id`=15, `device_category_id`=1 WHERE `id`='21';
UPDATE `codebarcakephp`.`device_types` SET `brand_id`=3, `device_category_id`=1 WHERE `id`='22';
UPDATE `codebarcakephp`.`device_types` SET `brand_id`=1, `device_category_id`=1 WHERE `id`='29';
UPDATE `codebarcakephp`.`device_types` SET `brand_id`=1, `device_category_id`=1 WHERE `id`='23';
UPDATE `codebarcakephp`.`device_types` SET `brand_id`=1, `device_category_id`=1 WHERE `id`='24';
UPDATE `codebarcakephp`.`device_types` SET `brand_id`=2, `device_category_id`=1 WHERE `id`='25';
UPDATE `codebarcakephp`.`device_types` SET `brand_id`=2, `device_category_id`=1 WHERE `id`='26';
UPDATE `codebarcakephp`.`device_types` SET `brand_id`=2, `device_category_id`=1 WHERE `id`='27';
UPDATE `codebarcakephp`.`device_types` SET `brand_id`=2, `device_category_id`=1 WHERE `id`='28';
UPDATE `codebarcakephp`.`device_types` SET `brand_id`=1, `device_category_id`=1 WHERE `id`='30';
UPDATE `codebarcakephp`.`device_types` SET `brand_id`=3, `device_category_id`=1 WHERE `id`='31';
UPDATE `codebarcakephp`.`device_types` SET `brand_id`=1, `device_category_id`=1 WHERE `id`='32';
UPDATE `codebarcakephp`.`device_types` SET `brand_id`=1, `device_category_id`=1 WHERE `id`='33';
UPDATE `codebarcakephp`.`device_types` SET `brand_id`=1, `device_category_id`=1 WHERE `id`='34';
UPDATE `codebarcakephp`.`device_types` SET `brand_id`=2, `device_category_id`=1 WHERE `id`='35';
UPDATE `codebarcakephp`.`device_types` SET `brand_id`=2, `device_category_id`=1 WHERE `id`='36';
UPDATE `codebarcakephp`.`device_types` SET `brand_id`=2, `device_category_id`=1 WHERE `id`='37';
UPDATE `codebarcakephp`.`device_types` SET `brand_id`=1, `device_category_id`=1 WHERE `id`='38';
UPDATE `codebarcakephp`.`device_types` SET `brand_id`=1, `device_category_id`=1 WHERE `id`='39';
UPDATE `codebarcakephp`.`device_types` SET `brand_id`=1, `device_category_id`=1 WHERE `id`='40';
UPDATE `codebarcakephp`.`device_types` SET `brand_id`=1, `device_category_id`=1 WHERE `id`='41';
UPDATE `codebarcakephp`.`device_types` SET `brand_id`=1, `device_category_id`=1 WHERE `id`='42';
UPDATE `codebarcakephp`.`device_types` SET `brand_id`=1, `device_category_id`=1 WHERE `id`='43';
UPDATE `codebarcakephp`.`device_types` SET `brand_id`=1, `device_category_id`=1 WHERE `id`='44';
UPDATE `codebarcakephp`.`device_types` SET `brand_id`=2, `device_category_id`=1 WHERE `id`='45';
UPDATE `codebarcakephp`.`device_types` SET `brand_id`=2, `device_category_id`=1 WHERE `id`='46';
UPDATE `codebarcakephp`.`device_types` SET `brand_id`=2, `device_category_id`=1 WHERE `id`='47';
UPDATE `codebarcakephp`.`device_types` SET `brand_id`=2, `device_category_id`=1 WHERE `id`='48';
UPDATE `codebarcakephp`.`device_types` SET `brand_id`=2, `device_category_id`=1 WHERE `id`='49';
UPDATE `codebarcakephp`.`device_types` SET `brand_id`=1, `device_category_id`=1 WHERE `id`='50';
UPDATE `codebarcakephp`.`device_types` SET `brand_id`=1, `device_category_id`=1 WHERE `id`='51';
UPDATE `codebarcakephp`.`device_types` SET `brand_id`=1, `device_category_id`=1 WHERE `id`='52';
UPDATE `codebarcakephp`.`device_types` SET `brand_id`=1, `device_category_id`=1 WHERE `id`='53';
UPDATE `codebarcakephp`.`device_types` SET `brand_id`=2, `device_category_id`=1 WHERE `id`='54';
UPDATE `codebarcakephp`.`device_types` SET `brand_id`=3, `device_category_id`=1 WHERE `id`='55';
UPDATE `codebarcakephp`.`device_types` SET `brand_id`=2, `device_category_id`=1 WHERE `id`='56';
UPDATE `codebarcakephp`.`device_types` SET `brand_id`=3, `device_category_id`=1 WHERE `id`='57';
UPDATE `codebarcakephp`.`device_types` SET `brand_id`=2, `device_category_id`=1 WHERE `id`='58';
UPDATE `codebarcakephp`.`device_types` SET `brand_id`=2, `device_category_id`=1 WHERE `id`='59';
UPDATE `codebarcakephp`.`device_types` SET `brand_id`=4, `device_category_id`=1 WHERE `id`='60';
UPDATE `codebarcakephp`.`device_types` SET `brand_id`=4, `device_category_id`=1 WHERE `id`='61';
UPDATE `codebarcakephp`.`device_types` SET `brand_id`=4, `device_category_id`=1 WHERE `id`='62';
UPDATE `codebarcakephp`.`device_types` SET `brand_id`=4, `device_category_id`=1 WHERE `id`='63';
UPDATE `codebarcakephp`.`device_types` SET `brand_id`=4, `device_category_id`=1 WHERE `id`='64';
UPDATE `codebarcakephp`.`device_types` SET `brand_id`=2, `device_category_id`=1 WHERE `id`='65';
UPDATE `codebarcakephp`.`device_types` SET `brand_id`=2, `device_category_id`=1 WHERE `id`='66';
UPDATE `codebarcakephp`.`device_types` SET `brand_id`=2, `device_category_id`=1 WHERE `id`='67';
UPDATE `codebarcakephp`.`device_types` SET `brand_id`=4, `device_category_id`=1 WHERE `id`='68';
UPDATE `codebarcakephp`.`device_types` SET `brand_id`=3, `device_category_id`=1 WHERE `id`='69';
UPDATE `codebarcakephp`.`device_types` SET `brand_id`=2, `device_category_id`=1 WHERE `id`='70';
UPDATE `codebarcakephp`.`device_types` SET `brand_id`=2, `device_category_id`=1 WHERE `id`='71';
UPDATE `codebarcakephp`.`device_types` SET `brand_id`=2, `device_category_id`=1 WHERE `id`='72';
UPDATE `codebarcakephp`.`device_types` SET `brand_id`=2, `device_category_id`=1 WHERE `id`='73';
UPDATE `codebarcakephp`.`device_types` SET `brand_id`=2, `device_category_id`=1 WHERE `id`='74';
UPDATE `codebarcakephp`.`device_types` SET `brand_id`=4, `device_category_id`=1 WHERE `id`='75';
UPDATE `codebarcakephp`.`device_types` SET `brand_id`=4, `device_category_id`=1 WHERE `id`='76';
UPDATE `codebarcakephp`.`device_types` SET `brand_id`=4, `device_category_id`=1 WHERE `id`='77';
UPDATE `codebarcakephp`.`device_types` SET `brand_id`=4, `device_category_id`=1 WHERE `id`='78';
UPDATE `codebarcakephp`.`device_types` SET `brand_id`=4, `device_category_id`=1 WHERE `id`='79';

UPDATE `codebarcakephp`.`devices` SET `device_type_id`=105 WHERE `serial_number`='VGA-DVI05';


INSERT INTO `codebarcakephp`.`languages` (`name`) VALUES ('Français');
INSERT INTO `codebarcakephp`.`languages` (`name`) VALUES ('Anglais');
INSERT INTO `codebarcakephp`.`languages` (`name`) VALUES ('Allemand');
INSERT INTO `codebarcakephp`.`languages` (`name`) VALUES ('Italien');